0,50028,50028,Bap cai thao Kg,14900,KG,77
0,50031,50031,Baro hanh Kg,23900,KG,99
0,50035,50035,Cai Ngong Kg,21500,KG,22
0,50036,50036,Cai phung Tran Kg,19900,KG,33
0,50037,50037,Bap cai thao giong Dai Loan,26500,KG,22
0,50039,50039,Can tay Kg,21900,KG,88
0,50042,50042,Dau dua Kg,18000,KG,22
0,50043,50043,3111503 - Dau Hoa Lan Kg,60000,KG,55
0,50052,50052,Rau Bo ngot Kg,22900,KG,0
0,50055,50055,Cai bo xoi Kg,32900,KG,11
0,50056,50056,Cai Caron Kg,26500,KG,51
0,50057,50057,Cai dung Kg,16900,KG,52
0,50059,50059,Cai ngot Kg,18500,KG,11
0,50061,50061,Cai thia Kg,15000,KG,11
0,50065,50065,Rau Dap ca Kg,33000,KG,8
0,50071,50071,Rau Hung que Kg,34500,KG,0
0,50074,50074,Rau ma Kg,18500,KG,0
0,50076,50076,Rau muong Kg,15000,KG,0
0,50078,50078,Rau Ngo ri kg,58900,KG,0
0,50084,50084,Rau tia to Kg,50500,KG,0
0,50088,50088,Sa lach xoon la nho Kg,64000,KG,0
0,50091,50091,Rau Thi la Kg,52000,KG,0
0,50095,50095,Can Tau Kg,36900,KG,0
0,50101,50101,Bong thien ly Kg,79900,KG,0
0,50105,50105,Bong He Kg,54000,KG,0
0,50755,50755,Muop khia Kg,19900,KG,0
0,50757,50757,Ca tim Kg,9500,KG,0
0,50760,50760,Ot hiem Kg,51900,KG,0
0,50761,50761,Ot sung trau Kg,60900,KG,0
0,50763,50763,Ot chuong xanh Kg,29500,KG,33
0,50765,50765,Khoai lang kg,14900,KG,0
0,50768,50768,Khoai tu Kg,14900,KG,0
0,50769,50769,Khoai so Kg,34000,KG,0
0,50770,50770,Khoai mon sap kg,17000,KG,0
0,50775,50775,Cu Su hao Kg,14200,KG,33
0,50783,50783,Bau Kg,13900,KG,0
0,50784,50784,Bi giong My,8900,KG,0
0,50785,50785,Bi giong Nhat,15500,KG,0
0,50786,50786,Chanh day Kg,23500,KG,0
0,50790,50790,Bi ngoi xanh Kg,20500,KG,0
0,50803,50803,Nam bao ngu Kg,27500,KG,0
0,50815,50815,Ca phao trang Kg,22500,KG,0
0,50817,50817,Dau cove thuong Kg,18500,KG,0
0,50881,50881,Cu Kieu nguyen kg,32500,KG,0
0,51501,51501,Buoi Nam Roi loai 2,36500,KG,0
0,51507,51507,Nho do My kg,115000,KG,0
0,51512,51512,Coc chin loai 1,22000,KG,0
0,51514,51514,Dua hau do loai 1,8500,KG,0
0,51515,51515,Dua le kg,25000,KG,0
0,51523,51523,Mang cau xiem kg,43200,KG,0
0,51525,51525,Oi giong Dai Loan kg,14000,KG,0
0,51526,51526,So ri kg,22500,KG,0
0,51527,51527,Tao Hong kg,18900,KG,0
0,51533,51533,Xoai ghep kg,19000,KG,0
0,51539,51539,Bon bon Thai kg,90000,KG,0
0,51544,51544,Man HaNoi kg,35500,KG,0
0,51545,51545,Man sua loai 2 kg,25500,KG,0
0,51546,51546,Mang cut TLan L1 kg,78000,KG,0
0,51554,51554,Quyt duong loai2 kg,42000,KG,0
0,51555,51555,Sau rieng giong Thai kg,45000,KG,0
0,51560,51560,Xoai giong Dai Loan L1 kg,29000,KG,0
0,51561,51561,Xoai tu Quy kg,28500,KG,0
0,51563,51563,Tao do My kg,63000,KG,0
0,51574,51574,Tac kg,28000,KG,0
0,51575,51575,Tao xanh New Zealand kg,75000,KG,0
0,51577,51577,Nho den khong hat tron kg,105000,KG,0
0,51580,51580,Chuoi Sap chin kg,29900,KG,0
0,51584,51584,Nhan tieu Hue kg,37500,KG,0
0,51593,51593,Dua hau vang loai1,14500,KG,0
0,51598,51598,Dua luoi dai kg,39900,KG,0
0,51599,51599,Dau Dalat loai 1 kg,102000,KG,0
0,51601,51601,Bo sap loai2 kg,30000,KG,0
0,51607,51607,Khe giong Dai Loan kg,22000,KG,0
0,51611,51611,Trai xay kg,58000,KG,0
0,51613,51613,Hong trung kg,21000,KG,0
0,51614,51614,Vai kho kg,46000,KG,0
0,51620,51620,Quyt tieu kg,49900,KG,0
0,51622,51622,Quyt Uc kg,133000,KG,0
0,51627,51627,Trai Thanh Tra kg,52000,KG,0
0,51721,51721,Buoi da xanh loai 1,79900,KG,0
0,51723,51723,Buoi duong Tan Trieu kg,55000,KG,0
0,53509,53509,Dau ga Kg,18000,KG,0
0,53518,53518,Chan ga CNghiep Kg,59900,KG,0
0,53520,53520,Xuong ga CNghiep ncon Kg,27500,KG,0
0,53521,53521,Ga CNghiep ncon kg,41000,KG,0
0,54253,54253,Chim Cut tam uop Kg,50000,KG,0
0,54504,54504,Tom the trung kg(80-100con/kg),175900,KG,0
0,54506,54506,Tom Dat Kg,169900,KG,0
0,54508,54508,Tom lot (boc vo) Kg,220000,KG,0
0,55127,55127,Minh Ca Thu kg-NCC,219900,KG,0
0,55203,55203,File Ca Chem lon tuoi Kg,228500,KG,0
0,56002,56002,Cua xay Kg,62900,KG,0
0,56004,56004,Nhong Kg,87900,KG,0
0,56011,56011,So huyet Kg,85000,KG,0
0,56020,56020,Oc Buu nguyen song Kg,65000,KG,0
0,56023,56023,Cua lot song Kg,500000,KG,0
0,56028,56028,Coi So diep Kg,142900,KG,0
0,56035,56035,Cua bien thit song L1(2-3c) Kg,239900,KG,0
0,56036,56036,Gach cua bien kg,49000,KG,0
0,57001,57001,Bun tuoi kg,10500,KG,0
0,57004,57004,Bun bo Kg,10500,KG,0
0,57015,57015,Ca mam nem kg,62000,KG,0
0,57019,57019,Mam Thai du du kg,79000,KG,0
0,57020,57020,Mam ca phao kg,65500,KG,0
0,57031,57031,Mam sac nguyen con kg,100000,KG,0
0,57032,57032,Mam Linh nguyen con kg,88500,KG,0
0,55088,55088,Bao tu Basa tuoi Kg-NCC,43900,KG,0
0,55022,55022,Ca tai tuong kg,89900,KG,0
0,51724,51724,Trai Sung kg,49900,KG,0
0,51645,51645,Man Com kg,38500,KG,0
0,51592,51592,Dua huong kg,11900,KG,0
0,51573,51573,Chuoi chat kg,38200,KG,0
0,50118,50118,Can nuoc Kg,32500,KG,0
0,50115,50115,Dau ngu tuoi Kg,45000,KG,0
0,50112,50112,Dau ngot kg,139000,KG,0
0,51758,51758,Cherry My kg,450000,KG,0
0,50796,50796,Dau Bo kg,300000,KG,0
0,50802,50802,Nam rom kg,89900,KG,0
0,50888,50888,Chanh DaLat kg,34000,KG,0
0,57275,57275,Kho ca luoi trau kg,165000,KG,0
0,57277,57277,Kho ca sac bo dau kg,290000,KG,0
0,57287,57287,Kho ca Tren kg,287000,KG,0
0,57281,57281,Kho muc lon kg,670000,KG,0
0,57283,57283,Kho ruoc Hue kg,195000,KG,0
0,57263,57263,Kho ca Loc xe kg,325000,KG,0
0,55328,55328,C-Ca Moi so che kg,27000,KG,0
0,55351,55351,Dau ca Hoi kg,29500,KG,0
0,50139,50139,Hung cay kg,47900,KG,0
0,50759,50759,Chanh khong hat kg,29900,KG,0
0,56665,56665,Thit dui heo quay kg,190000,KG,0
0,56666,56666,Ba roi quay kg,225000,KG,0
0,56668,56668,Heo sua quay tu 10kg,240000,KG,0
0,50123,50123,Nha dam kg,10200,KG,0
0,50762,50762,Ot chuong do DLat kg,31500,KG,0
0,50791,50791,Bi ngoi vang kg,56900,KG,0
0,50821,50821,Gung non kg,16900,KG,0
0,50878,50878,Kieu tuoi lam sach kg,65000,KG,0
0,51530,51530,Xoai cat bo kg,19900,KG,0
0,51595,51595,Tao bi xanh My kg,39500,KG,0
0,51618,51618,Buoi nam roi - nglieu ep nuoc,25000,KG,0
0,51638,51638,Cam Sanh loai 2,56000,KG,0
0,51644,51644,Chom chom giong Thai kg,29500,KG,0
0,11501,11501,S-Buoi nam roi loai 2 kg (1),10000,KG,0
0,55183,55183,C-Ca thac lac quet kg,95000,KG,0
0,55059,55059,Ca Linh kg,56900,KG,0
0,11544,11544,S-Man HaNoi kg (1),9000,KG,0
0,57043,57043,Kim chi kg,79500,KG,0
0,57285,57285,Kho ca com sua kg,155000,KG,0
0,55093,55093,Ca Hong Cham kg,75000,KG,0
0,50816,50816,Tieu xanh kg,139900,KG,0
0,51583,51583,Mang cut Cai Mon L1 kg,62000,KG,0
0,51602,51602,Mang cut kg,34000,KG,0
0,51603,51603,Bon Bon Cai Mon kg,37000,KG,0
0,51621,51621,Hong Ngam L2 kg,54900,KG,0
0,51635,51635,Man My kg,280000,KG,0
0,51636,51636,Le xanh My kg,55000,KG,0
0,51641,51641,Nho xanh BaMoi kg,85000,KG,0
0,57303,57303,Tom kho loai 3,385000,KG,0
0,57039,57039,Mam ca com kg,109000,KG,0
0,51656,51656,Coc cay loai 1,33000,KG,0
0,55230,55230,Ca Bong Cat tuoi kg,116900,KG,0
0,55238,55238,Ca doi lam sach kg,79900,KG,0
0,55255,55255,Ca Ngan lam sach kg,79000,KG,0
0,55256,55256,Ca Ngu lam sach kg,30000,KG,0
0,57053,57053,Mam ruoc VTau kg,65500,KG,0
0,57301,57301,Kho ca thu trang kg,155000,KG,0
0,55326,55326,Ca Loc bong file sche -Tu NCC,125000,KG,0
0,51795,51795,Cam NamPhi loai1 kg,55000,KG,0
0,55247,55247,Ca Huong lam sach kg,72000,KG,0
0,57777,57777,Nhan nhuc kho kg,210000,KG,0
0,57256,57256,Kho ca com kg,165000,KG,0
0,50868,50868,Tieu hat den Kg,272000,KG,0
0,51771,51771,Tao xanh giong Thai kg,19900,KG,0
0,56031,56031,Oc buu thit kg,45000,KG,0
0,55262,55262,Ca SaBa ng.con kg,39900,KG,0
0,50861,50861,Hat e kg,255000,KG,0
0,50870,50870,Tieu xay kg,285000,KG,0
0,57282,57282,Kho muc nho kg,239500,KG,0
0,57312,57312,Kho ca loc kg,235000,KG,0
0,55534,55534,Muc tuoi muoi loai lon kg,265000,KG,0
0,50884,50884,Chanh Mien Bac Kg,20000,KG,0
0,53006,53006,Thit dui Bo Kg,260000,KG,0
0,57038,57038,Mam Thai du du ca kg,158500,KG,0
0,57049,57049,Mam tom chua kg,379000,KG,0
0,57316,57316,Kho ca Bo giay tam kg,295000,KG,0
0,51637,51637,Xoai xanh giong Thai kg,41000,KG,0
0,51730,51730,Dua hau k.hat,16000,KG,0
0,51777,51777,Dua luoi tron(Tu Thanh) kg,26500,KG,0
0,51778,51778,Dua Kim Anh kg,20500,KG,0
0,51781,51781,Dau Dalat loai 2 kg,92000,KG,0
0,50890,50890,Dua leo HaNoi kg,80000,KG,0
0,51782,51782,Mang cau L1 kg,57500,KG,0
0,57317,57317,Kho ca Moi tam kg,205000,KG,0
0,11525,11525,S-Oi DLoan kg (1),13000,KG,0
0,55347,55347,Ca Khoai kg,115900,KG,0
0,56037,56037,Thit hen kg,67900,KG,0
0,51783,51783,Cam Vinh kg,31000,KG,0
0,55349,55349,Ca Mui lsach kg,65000,KG,0
0,11644,11644,S-Chom Chom Thai kg (1),14000,KG,0
0,11620,11620,S-Quyt tieu kg (1),15000,KG,0
0,11563,11563,S-Tao do My kg (1),30000,KG,0
0,11561,11561,S-Xoai Tu Quy kg (1),23000,KG,0
0,11545,11545,S-Man sua kg (1),20000,KG,0
0,11514,11514,S-Dua hau do loai 1 kg (1),7000,KG,0
0,56038,56038,Thit ghe kg,389900,KG,0
0,11636,11636,S-Le xanh My kg (1),45000,KG,0
0,15425,15425,S-Bac ma kg (1),55900,KG,0
0,15438,15438,S-Ngan lon Kg(1),69900,KG,0
0,51785,51785,Nho do khong hat kg,95000,KG,0
0,50805,50805,Khoai tay bi kg,20500,KG,0
0,56670,56670,S-Kho qua don Basa kg,42000,KG,0
0,51790,51790,Du du vang loai 1 kg,13500,KG,0
0,58512,58512,Heo quay nho 5-9kg/ncon,250000,KG,0
0,58521,58521,Nem nuong kg,180000,KG,0
0,51793,51793,C-Quyt giong Thai kg,29900,KG,0
0,57074,57074,Kieu nuoc tom kg,150000,KG,0
0,51794,51794,Buoi da xanh loai 2,72000,KG,0
0,51797,51797,Coc cay loai 2,29500,KG,0
0,51798,51798,Coc xanh loai 2,19000,KG,0
0,51811,51811,Dua hau tron loai 1,11000,KG,0
0,51812,51812,Dua hau tron loai2,9500,KG,0
0,51805,51805,Long mut loai2,25000,KG,0
0,51806,51806,Xoai tuong loai2,22500,KG,0
0,51807,51807,Xoai thom loai2,13700,KG,0
0,51808,51808,Thanh Long PThiet L1,19900,KG,0
0,51817,51817,Tao xanh My kg,93000,KG,0
0,51818,51818,Tao vang My kg,85000,KG,0
0,58011,58011,C-Cafe kg,49455,KG,0
0,51821,51821,Tao bi vang My kg,33500,KG,0
0,51672,51672,Dua Hoang Kim kg,28000,KG,0
0,51824,51824,Hong vuong ong dong kg,15000,KG,0
0,55389,55389,Ca Dieu Hong 700g-800g,60900,KG,0
0,55394,55394,Ca bong bien kg,60000,KG,0
0,51833,51833,Mang cau xiem chung kg,46000,KG,0
0,51834,51834,Man do giong Thai L2 kg,28500,KG,0
0,51835,51835,Mit nghe kg,7000,KG,0
0,51843,51843,Trai Thanh Tra giong Thai kg,48000,KG,0
0,51846,51846,Nho do Chile kg,155000,KG,0
0,51847,51847,Dua hau do giong My loai 1 kg,13500,KG,0
0,51848,51848,Nho den Chile kg,57000,KG,0
0,51849,51849,Thanh long ruot do kg,18900,KG,0
0,51852,51852,Xoai cat Loai so kg,60000,KG,0
0,51855,51855,Dua kho nao kg,44900,KG,0
0,51856,51856,Sau rieng Sau Ri kg,53000,KG,0
0,52353,52353,Nac dui heo-VS990,84600,KG,0
0,52394,52394,Nac dui heo-NP990,84600,KG,0
0,51858,51858,Nho do Ba Moi kg,38900,KG,0
0,51860,51860,Cam My loai 1 kg,76000,KG,0
0,51863,51863,Chuoi cau kg,15000,KG,0
0,51868,51868,Long mut loai 1 kg,37500,KG,0
0,51869,51869,Mang cau L2 kg,45000,KG,0
0,51871,51871,Xoai cat L1 kg,59900,KG,0
0,51874,51874,Bo sap loai 1 kg,39900,KG,0
0,51876,51876,Vu sua loai 1 kg,55000,KG,0
0,51877,51877,Tao bi do My kg,63000,KG,0
0,51878,51878,Dua Kim Co Nuong kg,28000,KG,0
0,51879,51879,Chom chom nhan kg,29500,KG,0
0,51881,51881,Nhan xuong kg,68000,KG,0
0,51883,51883,Quyt My kg,130000,KG,0
0,51884,51884,Xoai Cat chu kg,25500,KG,0
0,51885,51885,Man Giong Thai Dep kg,19000,KG,0
0,51889,51889,Cam Soan loai 1 kg,72000,KG,0
0,51890,51890,Cam sanh loai 1 kg,64000,KG,0
0,51891,51891,Cam mat loai 1 kg,38500,KG,0
0,11860,11860,S-Cam My loai 1 kg (1),48000,KG,0
0,11862,11862,S-Quyt duong loai 1 kg (1),35000,KG,0
0,11863,11863,S-Chuoi cau kg (1),11000,KG,0
0,11864,11864,S-Chuoi LAPA kg (1),12000,KG,0
0,11865,11865,S-Chuoi su kg (1),8500,KG,0
0,11868,11868,S-Long mut kg (1),20000,KG,0
0,11871,11871,S-Xoai cat Hoa Loc L1 kg (1),25000,KG,0
0,11874,11874,S-Bo sap loai 1 kg (1),65000,KG,0
0,11876,11876,S-Vu sua kg (1),8000,KG,0
0,11877,11877,S-Tao bi do my kg (1),18000,KG,0
0,11878,11878,S-Dua Kim Co Nuong kg (1),15000,KG,0
0,11879,11879,S-Chom chom nhan kg (1),24000,KG,0
0,11881,11881,S-Nhan xuong kg (1),37000,KG,0
0,11884,11884,S-Xoai cat chu kg (1),23500,KG,0
0,11890,11890,S-Cam sanh L1 kg (1),25000,KG,0
0,11891,11891,S-Cam mat L1 kg (1),10000,KG,0
0,51895,51895,Tao hong NewZealand kg,89000,KG,0
0,57096,57096,Mam tom kg,41000,KG,0
0,57097,57097,Mam ruoc Hue kg,65000,KG,0
0,50899,50899,Bap bao kg,42000,KG,0
0,50900,50900,Bap hot kg,42000,KG,0
0,55398,55398,Ca Ro lsach kg-NCC,46900,KG,0
0,55399,55399,Ca Keo lsach kg-NCC,129900,KG,0
0,55400,55400,Ca Tre lsach kg-NCC,54900,KG,0
0,55401,55401,Ca Lat lsach kg-NCC,90000,KG,0
0,55402,55402,Ca Com lsach kg-NCC,62000,KG,0
0,55403,55403,Ca Co lsach kg-Tu NCC,140000,KG,0
0,55404,55404,Ca Chem nho lsach kg- NCC,109000,KG,0
0,55405,55405,Ca Bong Trung lsach-NCC,115000,KG,0
0,55406,55406,Ca Bong Tuong lsach kg-NCC,109000,KG,0
0,55407,55407,Ca Bong Cat lsach kg-NCC,129900,KG,0
0,55411,55411,Ca Bong Duc kg,130000,KG,0
0,50901,50901,Tieu so hot xa kg,408000,KG,0
0,50902,50902,Tieu so xay xa kg,423000,KG,0
0,55412,55412,Ca Bong Dua sche kg - Tu NCC,105000,KG,0
0,54011,54011,Uc vit con xuong lung kg,82000,KG,0
0,51902,51902,C-Tao xanh NamPhi kg,37000,KG,0
0,55413,55413,Ca loc bong kdau ls kg-NCC,95000,KG,0
0,55415,55415,Ca loc bong ncon kg,95000,KG,0
0,55414,55414,Ca thu n.con kg(bo set 1),158900,KG,0
0,55416,55416,Ca cam lon kg,61900,KG,0
0,55485,55485,Minh ca loc bong khuc kdau kg,110000,KG,0
0,55486,55486,Duoi ca loc bong kdau kg,85000,KG,0
0,55417,55417,Ca Hanh lon kg,99900,KG,0
0,55418,55418,Ca Soc Kg,89000,KG,0
0,55419,55419,Ca Hieu Kg,85000,KG,0
0,54766,54766,S-Minh CaThu sche kg(bo set 1),210000,KG,0
0,55420,55420,Ca Chet nho Kg,95000,KG,0
0,55421,55421,Ca Phen Kg,99900,KG,0
0,55422,55422,Ca Ngu bo Kg,52900,KG,0
0,55489,55489,Minh ca thu kg(set1),162000,KG,0
0,55423,55423,Ca Chi Vang Kg,79000,KG,0
0,55424,55424,Ca Luoi trau Kg,89000,KG,0
0,55493,55493,S-Ca Cam nho so che kg,88900,KG,0
0,55497,55497,S-Ca Soc so che Kg,129000,KG,0
0,55427,55427,Ca Duc Kg,95000,KG,0
0,55499,55499,S-Ca Chet nho so che kg,97000,KG,0
0,54751,54751,S-Ca Phen so che Kg,130000,KG,0
0,54752,54752,S-Ca Ngu bo so che Kg,73900,KG,0
0,54753,54753,S-Ca Chi Vang so che Kg,93900,KG,0
0,54754,54754,S-Ca Luoi trau so che Kg,125900,KG,0
0,55429,55429,Ca Du Kg,89000,KG,0
0,54756,54756,S-Ca tren so che kg,260000,KG,0
0,54757,54757,S-Ca Duc so che Kg,121000,KG,0
0,54758,54758,S-Ca Liet so che Kg,85900,KG,0
0,54759,54759,S-Ca Du so che Kg,110000,KG,0
0,54760,54760,S-Ca Bong do so che Kg,125000,KG,0
0,55431,55431,Ca Nuc Chuoi kg,72000,KG,0
0,54765,54765,S-Ca Tre so che Kg,82000,KG,0
0,54767,54767,S-Ca Ro nho so che Kg,75000,KG,0
0,54768,54768,S-Ca Nuc so che Kg,59900,KG,0
0,54769,54769,S-Ca Ngan lon so che Kg,96900,KG,0
0,54770,54770,S-Ca bong Mu so che Kg,95000,KG,0
0,54771,54771,S-Ca mu so che kg,119000,KG,0
0,54772,54772,S-Ca mo nho so che kg,92900,KG,0
0,54776,54776,Ca cam nho kg,89900,KG,0
0,55437,55437,Ca Nuc kg,42900,KG,0
0,54777,54777,S-Ca kinh so che kg,126000,KG,0
0,55438,55438,Ca Ngan lon Kg,65900,KG,0
0,54778,54778,S-Ca huong (Dong)so che kg,89900,KG,0
0,54779,54779,S-Ca doi so che kg,69900,KG,0
0,54780,54780,S-Ca dieu hong soche 500-700g,74900,KG,0
0,54781,54781,S-Ca com so che kg,84900,KG,0
0,55440,55440,Ca Mu kg,90000,KG,0
0,54783,54783,S-Ca chim den so che kg,149000,KG,0
0,54784,54784,S-Ca chim trang so che kg,211000,KG,0
0,55443,55443,Ca Loc xe kg,95000,KG,0
0,54789,54789,S-Ca Chem nho so che Kg,145000,KG,0
0,55444,55444,Ca Loc den ncon Kg,69900,KG,0
0,54791,54791,S-Ca Bong trung so che kg,130000,KG,0
0,54792,54792,S-Ca Bong cat so che kg,150000,KG,0
0,54795,54795,Ca hanh nho kg,86000,KG,0
0,55447,55447,Ca Huong (Dong) Kg,69900,KG,0
0,55448,55448,Ca Doi kg,55900,KG,0
0,54801,54801,S-Ca he so che kg,97000,KG,0
0,55450,55450,Ca Chim den kg,115900,KG,0
0,55451,55451,Ca Chim trang kg,199900,KG,0
0,55452,55452,Ca Chem lon lsach kg - Tu NCC,121900,KG,0
0,54805,54805,S-Ca Lem so che kg,48500,KG,0
0,54806,54806,S-Ca moi so che kg,48500,KG,0
0,55453,55453,Ca Gay lon Kg,76900,KG,0
0,54807,54807,S-Ca mom do so che kg,112000,KG,0
0,55454,55454,Ca Chet lon Kg,92000,KG,0
0,54808,54808,S-Ca ngao so che kg,126000,KG,0
0,54809,54809,S-Ca bong dua so che kg,105000,KG,0
0,54810,54810,S-Ca ho so che kg,165900,KG,0
0,55456,55456,Ca Cham la Kg,69900,KG,0
0,54812,54812,S-Ca thu ao so che kg,162000,KG,0
0,55458,55458,Ca He Kg,75900,KG,0
0,54813,54813,S-Ca thu chi so che kg,113000,KG,0
0,55459,55459,Ca Hu Kg,69900,KG,0
0,54814,54814,S-Cha ca thac lac kg,199900,KG,0
0,54817,54817,S-Ca Nhong so che kg,84900,KG,0
0,54821,54821,S-Ca basa nc bo dau so che kg,54900,KG,0
0,55461,55461,Ca Lem Kg,36000,KG,0
0,54823,54823,S-File Basa so che kg,79900,KG,0
0,54824,54824,S-Ca Trao so che kg,72900,KG,0
0,55462,55462,Ca Moi Kg,38000,KG,0
0,55463,55463,Ca Mom do Kg,85000,KG,0
0,55464,55464,Ca Ngao Kg,90000,KG,0
0,55465,55465,Ca Bong dua kg,79900,KG,0
0,55466,55466,Ca Ho kg,145000,KG,0
0,55468,55468,Ca Thu ao Kg,115000,KG,0
0,55469,55469,Ca Thu chi kg,85000,KG,0
0,54826,54826,S-Ca sanma so che kg,69900,KG,0
0,55470,55470,Ca Thac lac nao kg-NCC,199000,KG,0
0,54827,54827,S-Ca duoi so che kg,174900,KG,0
0,57099,57099,Mam Linh xay kg,100000,KG,0
0,55473,55473,Ca Nhong Kg,72000,KG,0
0,55474,55474,Ca Voc kg,69000,KG,0
0,55478,55478,Ca Mo lon kg,75000,KG,0
0,50174,50174,Cai be xanh kg,17500,KG,0
0,55479,55479,File Basa tuoi Kg,69900,KG,0
0,50904,50904,Kho qua trai kg,16500,KG,0
0,55480,55480,Ca Trao Kg,49900,KG,0
0,55483,55483,Ca Sanma kg,52000,KG,0
0,55484,55484,Ca Duoi ncon kg,114900,KG,0
0,50175,50175,Rau Tan o kg,27500,KG,0
0,54830,54830,S-Ca lat lsach NCC so che kg,122000,KG,0
0,55073,55073,Ca song kg,35900,KG,0
0,56049,56049,Ba khia tron kg - Tu NCC,165500,KG,0
0,56674,56674,S-Bap cai cuon+t.xay sc-NCC kg,59900,KG,0
0,50177,50177,Bap cai tim Kg,32500,KG,0
0,50178,50178,Bap cai trang Kg,9500,KG,0
0,50907,50907,Bi dao kg,18500,KG,0
0,50908,50908,Bi do dai Kg,11500,KG,0
0,50909,50909,Bi do tron Kg,9000,KG,0
0,50180,50180,Bong cai trang Kg,49900,KG,0
0,50181,50181,Bong cai xanh Kg,39900,KG,0
0,50910,50910,Ca chua bi Kg,25900,KG,0
0,56676,56676,S-Ca chua+thit xay sc NCC Kg,48900,KG,0
0,50911,50911,Ca chua Kg,9500,KG,0
0,50183,50183,Cai lo lo xanh kg,20900,KG,0
0,50184,50184,Cai Xay Kg,13900,KG,0
0,50185,50185,Dau cove giong Nhat kg,22500,KG,0
0,50912,50912,Cu den Kg,15900,KG,0
0,50913,50913,Cu san Kg,7500,KG,0
0,50186,50186,Dau Bap Kg,20500,KG,0
0,50187,50187,Dau giong Ha Lan,139500,KG,0
0,56677,56677,S-D.hu chiennho+txay SC-NCC kg,58000,KG,0
0,55540,55540,Dau muc la sach so che Kg,70000,KG,0
0,55543,55543,S-Dau muc so che kg,245000,KG,0
0,55544,55544,Dau muc kg-NCC,210000,KG,0
0,50188,50188,S-Dua cai chua kg,17500,KG,0
0,50189,50189,S-Dua gia chua kg,24000,KG,0
0,50914,50914,Dua leo Kg,18900,KG,0
0,55761,55761,Dui Ech kg-NCC,110000,KG,0
0,50915,50915,Khoai mo Kg,12500,KG,0
0,56050,56050,Luon ncon lsach kg-NCC,239900,KG,0
0,56051,56051,S-Luon lam sach NCC so che kg,224900,KG,0
0,50918,50918,Me vat Kg,29900,KG,0
0,57105,57105,Minh mam ca thu kg - Tu NCC,368000,KG,0
0,55549,55549,Minh muc la sach so che Kg,85000,KG,0
0,56679,56679,S-Muc ong20-30 don t.xay sc Kg,222000,KG,0
0,56680,56680,S-Muc ong10-15 t.xay sc NCC kg,165000,KG,0
0,55550,55550,Muc la lon co dau kg,245000,KG,0
0,55551,55551,Muc la nho kg,205000,KG,0
0,55552,55552,Muc la sach Kg,245000,KG,0
0,55555,55555,Muc ong 15-20cm kg,170000,KG,0
0,55557,55557,Muc ong lot Kg,150000,KG,0
0,55558,55558,Muc ong 10-15cm Kg,165000,KG,0
0,50919,50919,Muop huong Kg,16500,KG,0
0,50193,50193,Rau den tia Kg,14900,KG,0
0,50194,50194,Rau hon hop kg,32000,KG,0
0,50195,50195,Rau mong toi kg,14500,KG,0
0,50196,50196,Rau nhut lsach kg-NCC,49900,KG,0
0,50198,50198,Sa lach mo DaLat kg,33000,KG,0
0,50199,50199,Salad giong My kg,13500,KG,0
0,50921,50921,Su su Kg,10500,KG,0
0,52445,52445,Tai heo kg,100000,KG,0
0,51910,51910,Thom trai got vo kg-NCC,26500,KG,0
0,54520,54520,S-Tom Su ngop Kg,350000,KG,0
0,54521,54521,Tom Su song kg,320000,KG,0
0,54522,54522,Tom Su kg-Tu NCC,235000,KG,0
0,50922,50922,Chanh giay kg,18000,KG,0
0,50202,50202,Rau om Kg,20500,KG,0
0,50205,50205,Rau ram kg,15900,KG,0
0,57106,57106,Goi bon bon kg - Tu NCC,78000,KG,0
0,50207,50207,Hanh la kg,39000,KG,0
0,50925,50925,Gung kg,59900,KG,0
0,54524,54524,Tom su loai 3 kg,320000,KG,0
0,54525,54525,Tom su loai 2 kg,349000,KG,0
0,51913,51913,Le do My kg,68000,KG,0
0,50206,50206,He la kg,31500,KG,0
0,50927,50927,Cu cai trang kg,14500,KG,0
0,53570,53570,Ma dui ga CNghiep Kg - CP,57500,KG,0
0,54527,54527,S-Tom cang ngop kg,500000,KG,0
0,54835,54835,S-Ca Dieu Hong sc 700-800g,86900,KG,0
0,54528,54528,Tom su loai 1 kg,219000,KG,0
0,54838,54838,Ca chem nho tuoi kg,94900,KG,0
0,54530,54530,S-Tom su so che loai 2 kg,499000,KG,0
0,11656,11656,S-Coc cay loai 1 kg (1),33000,KG,0
0,11530,11530,S-Xoai cat bo kg (1),30000,KG,0
0,11771,11771,S-Tao xanh giong Thai kg (1),24000,KG,0
0,11554,11554,S-Quyt duong loai2 kg (1),25000,KG,0
0,11584,11584,S-Nhan tieu Hue kg (1),27000,KG,0
0,11913,11913,S-Le do My kg (1),65000,KG,0
0,58530,58530,Ca Com kho kg - HHuong,177000,KG,0
0,51914,51914,Du du tia giong Nhat kg,22800,KG,0
0,52456,52456,Da mo vun heo kg-NP990,13000,KG,0
0,53576,53576,Uc ga file khong da kg - HGHD,60500,KG,0
0,50930,50930,Ca rot Dalat kg,19500,KG,0
0,51922,51922,Nho xanh khong hat kg,135000,KG,0
0,58714,58714,Hat bi kg-Tet,185000,KG,0
0,58715,58715,Hat bi Nhat kg-Tet,195000,KG,0
0,58716,58716,Hat de kg,520000,KG,0
0,58717,58717,Hat dua kg-Tet,167000,KG,0
0,58719,58719,Hat dieu loai 1 kg-Tet,310000,KG,0
0,58738,58738,Mut bi tam kg-Tet,76000,KG,0
0,58742,58742,Mut dua tam kg-Tet,99000,KG,0
0,58743,58743,Mut gung Hue kg-Tet,150000,KG,0
0,58744,58744,Mut gung lat kg-Tet,142000,KG,0
0,58745,58745,Mut mang cau kg-Tet,141000,KG,0
0,58746,58746,Mut me kg-Tet,160000,KG,0
0,51924,51924,Tao bi do My dac biet,81000,KG,0
0,53591,53591,Dui toi ga Kg,64000,KG,0
0,53592,53592,Dui ga Cnghiep goc tu kg,49000,KG,0
0,53593,53593,Ma dui ga CNghiep Kg,34500,KG,0
0,53594,53594,Canh ga CNghiep Kg,76500,KG,0
0,51925,51925,Du du song nguyen trai kg,10500,KG,0
0,56684,56684,S-Muc ong 10-15+t.dui truoc Kg,165000,KG,0
0,56685,56685,S-Ca chua don t.dui truoc Kg,48900,KG,0
0,54919,54919,Ca bo da kg,169900,KG,0
0,54921,54921,Long ca sau kg,37000,KG,0
0,50934,50934,Chanh nhap khau kg,43000,KG,0
0,56686,56686,S-Muc ong20-30+thit xay kg NCC,222000,KG,0
0,56687,56687,S-Bap cai cuon thitxay NCC kg,59900,KG,0
0,56688,56688,S-D.hu chien nho+t.xay-NCC kg,58000,KG,0
0,56689,56689,S-Muc ong 10-15cm+t.xay NCC kg,210000,KG,0
0,56691,56691,S-Ca chua don thit xay NCC kg,48900,KG,0
0,50935,50935,Nam mo kg,12000,KG,0
0,54923,54923,Ca dieu hong lsach kg-Tu NCC,75000,KG,0
0,54925,54925,Ca hu lsach kg-Tu NCC,56900,KG,0
0,56694,56694,S-Muc ong 20-30+t.dui truoc Kg,222000,KG,0
0,51929,51929,Dua gang kg,19500,KG,0
0,56077,56077,Oc buu nhi lam san kg - Tu NCC,49900,KG,0
0,51932,51932,Nho den khong hat Chile kg,169000,KG,0
0,51933,51933,Nho den khong hat Uc kg,158000,KG,0
0,51934,51934,Nho do Nam Phi,150000,KG,0
0,51939,51939,Tao Fuji Nam Phi kg,42500,KG,0
0,51941,51941,Thanh long MienTay L1,19900,KG,0
0,51943,51943,Tao bi do New Zealand kg,64000,KG,0
0,51948,51948,Nho xanh khong hat NamPhi kg,105000,KG,0
0,50937,50937,Ot chuong vang kg,49900,KG,0
0,55765,55765,Ech ncon lsach kg-Tu NCC,110000,KG,0
0,55568,55568,S-Muc ong 20-30cm lam sach kg,251500,KG,0
0,54960,54960,Ca com kg,60000,KG,0
0,57128,57128,Cha ca Basa tuoi kg-TA,50900,KG,0
0,54967,54967,Ca Trung tuoi kg,54900,KG,0
0,54968,54968,Dau ca loc bong kg - Tu NCC,30900,KG,0
0,57133,57133,Goi ngo sen tron kg - Tu NCC,95800,KG,0
0,57134,57134,Mam ruoc PhanThiet kg,75000,KG,0
0,56093,56093,Bach tuoc kg,105000,KG,0
0,54997,54997,Ca thac lac kg,99000,KG,0
0,51959,51959,Bo Dakado kg,47000,KG,0
0,50502,50502,Ca Lang kg,115000,KG,0
0,50506,50506,S-Ca thac lac so che kg,116000,KG,0
0,51960,51960,Dua le Bao Ngoc kg,21000,KG,0
0,50944,50944,Hanh tim Ly Son kg,37000,KG,0
0,55205,55205,Ca keo song kg,129900,KG,0
0,51961,51961,Hong don nho kg,22000,KG,0
0,50223,50223,Bap cai trai tim kg,28500,KG,0
0,50509,50509,Ca phen vang kg,100000,KG,0
0,50512,50512,S-Ca Ngat so che kg,94900,KG,0
0,50514,50514,S-Ca thac lac nao kg,165000,KG,0
0,57371,57371,Kho muc say gung kg,289000,KG,0
0,51968,51968,Nho do Phan Rang dong tui kg,45000,KG,0
0,51969,51969,Nho xanh Phan Rang kg,83000,KG,0
0,50523,50523,File ca co kg,135000,KG,0
0,56700,56700,S-D.hu chiennho+tdui tr.heo kg,58000,KG,0
0,52508,52508,Nac dui heo kg,84600,KG,0
0,57374,57374,Kho ca chach kg,275000,KG,0
0,57136,57136,Minh mam ca thu dac biet kg,368000,KG,0
0,50949,50949,Khoai mon cao kg,29900,KG,0
0,11906,11906,S-Kiwi L1 kg (1),56000,KG,0
0,51973,51973,Thom trai con vo kg,13000,KG,0
0,51974,51974,S-Thom trai got vo kg(STCB),26500,KG,0
0,56102,56102,Luon song ncon kg,195000,KG,0
0,54564,54564,Tom dat kg-HCat990,40000,KG,0
0,52530,52530,Nac dui heo kg - HM,84600,KG,0
0,52519,52519,Tim heo kg - HM,106000,KG,0
0,52523,52523,Nac vai heo kg-HM,84600,KG,0
0,52538,52538,S-Thit dui heo so che kg-HM,99900,KG,0
0,56701,56701,S-Kho qua+Txay phaloc-HM Kg,48900,KG,0
0,56702,56702,S-Bi dao+txay pha loc-HM kg,53000,KG,0
0,56703,56703,S-Ca chua+t.xay pha loc-HM Kg,48900,KG,0
0,56704,56704,S-Muc ong10-15+txay pha loc-HM,165000,KG,0
0,52542,52542,Da heo kg-HM,13000,KG,0
0,56705,56705,S-D.hu nho+txay pha loc-HM kg,58000,KG,0
0,51978,51978,Nhan Indo kg,52000,KG,0
0,52552,52552,Nac vai heo kg-SMguel990,77400,KG,0
0,11794,11794,S-Buoi da xanh L2 kg(1),25000,KG,0
0,11805,11805,S-Long mut L2 kg (1),18000,KG,0
0,11782,11782,S-Mang cau kg(1),50000,KG,0
0,11790,11790,S-Du du vang L1 kg(1),10000,KG,0
0,11817,11817,S-Tao xanh My kg(1),45000,KG,0
0,11560,11560,S-Xoai giong Dloan L1 kg(1),20000,KG,0
0,54569,54569,Tom su song L2 kg,350000,KG,0
0,50592,50592,Ca loc den song kg,72900,KG,0
0,52568,52568,S-Nac dui heo so che kg-HM,102900,KG,0
0,51980,51980,Buoi nam roi kg,46000,KG,0
0,51985,51985,Tao Hong Phan Rang kg,26500,KG,0
0,50595,50595,S-Ca mui so che kg,82900,KG,0
0,56706,56706,S-D.hu chienlon+txay SC-NCC kg,58000,KG,0
0,53118,53118,Duoi bo kg,216000,KG,0
0,50604,50604,Ca dieu hong ngop kg-Tu NCC,55000,KG,0
0,50605,50605,Ca bac ma lsach 6-8 con/kg-NCC,72000,KG,0
0,54574,54574,Tom the lon kg(60-80con/kg),220000,KG,0
0,54575,54575,Tom the nho kg(100-120con/kg),136900,KG,0
0,50958,50958,Khoai mi lot san kg,16000,KG,0
0,53127,53127,Thit bo xao kg-CN,200000,KG,0
0,51991,51991,Xoai giong Dai Loan tron kg,31000,KG,0
0,51992,51992,Dua Thien Hong kg,27000,KG,0
0,50849,50849,Khoai lang bi kg,8500,KG,0
0,50231,50231,Bong Atiso tuoi kg,159000,KG,0
0,55336,55336,Ca ngu bong kg,55000,KG,0
0,50966,50966,S-Bi do tron sc kg,20900,KG,0
0,50967,50967,S-Bi xanh(dao)sc kg,14900,KG,0
0,50968,50968,S-Kho qua sc kg,10600,KG,0
0,50640,50640,Ca bong cat L1 kg,105000,KG,0
0,50641,50641,Ca he lon kg,66900,KG,0
0,50643,50643,Ca loc den song L2 kg,72900,KG,0
0,50646,50646,Ca tre lsach kdau kg-NCC,79900,KG,0
0,50649,50649,Ca bong duc lon,119900,KG,0
0,50650,50650,Ca bong tuong lon kg,115000,KG,0
0,50651,50651,Ca chem vua kg,115000,KG,0
0,50653,50653,Ca doi lon,67900,KG,0
0,50658,50658,Ca nuc nho kg,43900,KG,0
0,53134,53134,Bao tu bo kg,135000,KG,0
0,52601,52601,Thit nach heo dong vi kg-TPDN,76000,KG,0
0,11697,11697,S-Oi khong hat kg(1),9000,KG,0
0,11523,11523,S-Mang cau xiem kg (1),36000,KG,0
0,55768,55768,Dui Ech lon kg,155000,KG,0
0,56121,56121,Luon ncon lsach nho kg,199000,KG,0
0,52002,52002,KiWi vang kg L1,250000,KG,0
0,50976,50976,Khoai lang sua kg,11000,KG,0
0,50977,50977,Khoai lang trang kg,13500,KG,0
0,52609,52609,S-Cot let so che kg-HM,97900,KG,0
0,11943,11943,S-Tao bi do N.Zealand kg(1),25000,KG,0
0,57376,57376,Tep (ruoc) say gion kg,189000,KG,0
0,52012,52012,Tao Fuji New Zealand kg,78000,KG,0
0,52013,52013,Mia khuc con vo kg,18500,KG,0
0,52622,52622,S-Nac dui heo so che kg-CMT,110000,KG,0
0,52016,52016,Nhan xuong com vang VT L1 kg,59900,KG,0
0,56712,56712,S-Bap cai cuon+txay ploc-HM Kg,59900,KG,0
0,52023,52023,Cam Cara kg,85000,KG,0
0,50697,50697,S-Ca nuc nho so che kg,57500,KG,0
0,50990,50990,Khoai tay DaLat kg,15500,KG,0
0,50992,50992,Cu hanh tay DaLat kg,16900,KG,0
0,50022,50022,Ca bong tuong nho kg,115000,KG,0
0,50044,50044,Nam bao ngu trang kg,27500,KG,0
0,50081,50081,Ca chim den lsach kg - Tu NCC,65000,KG,0
0,50082,50082,Khoai lang cao san DLat kg,18900,KG,0
0,50092,50092,Ca sac song kg,79900,KG,0
0,50138,50138,Ca long tong Ls tu NCC kg,95000,KG,0
0,50148,50148,Cam sanh Ham Yen kg,26500,KG,0
0,50235,50235,Long ga H'Mong kg,65000,KG,0
0,50240,50240,Ga H'Mong Ncon kg,145000,KG,0
0,50244,50244,Le Han Quoc kg,89900,KG,0
0,50245,50245,S-Muc ong 20-30+thit xay-HM kg,222000,KG,0
0,50248,50248,Hat dieu lua kg,260000,KG,0
0,50250,50250,Mut dua sua kg,150000,KG,0
0,50254,50254,Mut me chua cay kg,168000,KG,0
0,50267,50267,Tao Fuji My kg,96000,KG,0
0,50270,50270,Hanh tim Vinh Chau Kg,25500,KG,0
0,50272,50272,3329430-S-Minh ca Bop kg,230000,KG,0
0,50273,50273,3329429-S-Dau ca Bop kg,120000,KG,0
0,50275,50275,Ca Bop kg(breakup),165900,KG,0
0,50283,50283,Tao do My nho kg,59000,KG,0
0,50284,50284,Xoai xanh giong Thai L2 kg,38000,KG,0
0,50285,50285,Ca thac lac nao tron kg-tu NCC,60000,KG,0
0,50289,50289,Nho den khong hat DB,95000,KG,0
0,50297,50297,Ga tha vuon nguyen con,62000,KG,0
0,50299,50299,Duong cat nhuyen trang kg,18500,KG,0
0,50314,50314,Gaothom lai R.VANG T.NGAN kg,17500,KG,0
0,50316,50316,Thit cua kg,450000,KG,0
0,50334,50334,Chim cut tuoi ngcon kg-LB,81000,KG,0
0,50345,50345,Dui ga thao khop kg - PAS,57500,KG,0
0,50388,50388,Tao hong My kg,76000,KG,0
0,50411,50411,S-Bo cuonlalot+tduibo+txayPLHM,180000,KG,0
0,50412,50412,S-Nhan cha gio+txay ploc-HM Kg,95000,KG,0
0,50413,50413,S-Thit dui bo xay kg,260000,KG,0
0,50443,50443,S-Ca dieu hong chung tuong kg,63000,KG,0
0,50445,50445,S-Bong cai cuon gio song kg,66000,KG,0
0,50444,50444,S-Kho qua nhoi ca thac lac kg,68900,KG,0
0,50459,50459,Ma dui ga dong lanh-CP,65000,KG,0
0,50470,50470,C-Ca dang kg,6250,KG,0
0,50472,50472,Xoai cat HLoc L1 Kg,49000,KG,0
0,50473,50473,Xoai cat HLoc L2 Kg,43000,KG,0
0,50481,50481,Tom su ngop loai 1 kg-NCC,219000,KG,0
0,50716,50716,S-Dui ga goctuNK sc kg(15kg/t),47900,KG,0
0,50498,50498,Cherry Uc kg,425000,KG,0
0,50719,50719,Pheo non heo kg,87000,KG,0
0,50726,50726,Oi Phan Rang kg,7900,KG,0
0,50740,50740,Hanh tim Phan Rang kg,25900,KG,0
0,51449,51449,Cha ca that lac kg-THL990,140000,KG,0
0,50782,50782,Ga tha vuonhap-luoc kg-PKD990,105000,KG,0
0,50787,50787,Ga tha vuonquay rotikg-PKD990,125000,KG,0
0,50788,50788,Ga kho kg-PKD990,89000,KG,0
0,50789,50789,Ga nau nam kg-PKD990,105000,KG,0
0,50794,50794,Dui ga1/4chien nmam kg-PKD990,99500,KG,0
0,50798,50798,Dui ga toichien nmamkg-PKD990,99900,KG,0
0,50799,50799,Canh ga chien nmam kg-PKD990,175000,KG,0
0,50806,50806,Thit kho tieu kg-PKD990,145000,KG,0
0,50809,50809,Thit kho trung kg-PKD990,160000,KG,0
0,50818,50818,Colet ram kg-PKD990,185000,KG,0
0,50819,50819,Thit hquay khocchua kg-PKD990,135000,KG,0
0,50823,50823,Kho qua don thit kg-PKD990,79900,KG,0
0,50834,50834,Ca loc kho kg-PKD990,149900,KG,0
0,50835,50835,Ca basa kho kg-PKD990,69900,KG,0
0,50836,50836,Ca ro kho kg-PKD990,85900,KG,0
0,50837,50837,Ca bong kho kg-PKD990,135000,KG,0
0,50838,50838,Ca tre kho kg-PKD990,98000,KG,0
0,50841,50841,Ca bien kho kg-PKD990,105000,KG,0
0,50845,50845,Ca keo kho kg-PKD990,155000,KG,0
0,50850,50850,Cha ca basa chien kg-PKD990,79000,KG,0
0,50851,50851,Com chien duong chaukg-PKD990,59000,KG,0
0,50970,50970,Cai ngong kg-HL,13900,KG,0
0,51016,51016,C-Khocachivangt.giaviL1kg,96000,KG,0
0,51025,51025,File ca dieu hong kg,103000,KG,0
0,51027,51027,Ca lang song kg,154900,KG,0
0,51049,51049,Quyt tieu,55000,KG,0
0,51052,51052,Thit kho tau kg-PKD990,220000,KG,0
0,51057,51057,Bup cai xay kg,24900,KG,0
0,51069,51069,Muc kho con da (17-19cm/con)kg,575000,KG,0
0,51070,51070,C-Muckhoconda(25-30cm/con)kg,334000,KG,0
0,51073,51073,C-Muckholotda(25-30cm/con)kg,380000,KG,0
0,51082,51082,Ngon su su kg,24900,KG,0
0,51087,51087,Ca nuc lam sach -NCC,52000,KG,0
0,51509,51509,Vu sua tim kg,43000,KG,0
0,51088,51088,Xoi dau phong kg-PKD990,52000,KG,0
0,51091,51091,Khoai lang mat kg,19500,KG,0
0,51096,51096,Hat dua nho X.HONG kg-Tet,175000,KG,0
0,51678,51678,Ghe say chua ngot DD kg,225000,KG,0
0,51097,51097,Nho den k.hat Nam Phi kg,107000,KG,0
0,51108,51108,Mut me say kg,165000,KG,0
0,51109,51109,Mut khoai thanh kg,72000,KG,0
0,51110,51110,Dua leo baby kg,29900,KG,0
0,51114,51114,Khoai mi nau sua-PKD990,35000,KG,0
0,51115,51115,Xoi dau den-PKD990,55000,KG,0
0,51116,51116,Xoi dau xanh-PKD990,52000,KG,0
0,51117,51117,Xoi gac-PKD990,60000,KG,0
0,51118,51118,Mang cau Tay Ninh kg,57000,KG,0
0,51119,51119,Nho do PeRu kg,154000,KG,0
0,51120,51120,Mang cau Tay Ninh L2 kg,45000,KG,0
0,51127,51127,Ca huynh de kg,79900,KG,0
0,51128,51128,Xoi la cam kg-PKD990,50000,KG,0
0,51129,51129,Xoi man kg-PKD990,58000,KG,0
0,51132,51132,Thit ba roi kho tieukg-PKD990,170000,KG,0
0,51135,51135,Bun gao xao (man) kg-PKD990,58000,KG,0
0,51136,51136,Rau xao thap cam kg-PKD990,39000,KG,0
0,51137,51137,Bao tu heo pha lau kg-PKD990,330000,KG,0
0,51138,51138,Luoi heo pha lau kg-PKD990,285000,KG,0
0,51139,51139,C-Kho ca bo tam (Han Quoc) kg,250000,KG,0
0,10646,10646,S-Ca tre ls kdau tamuop kg,74900,KG,0
0,51156,51156,S-Ca Huynh de ls tam uop kg,99000,KG,0
0,51161,51161,Bo kho kg-PKD990,85000,KG,0
0,51162,51162,Ga ac 2con/bich(kg),150000,KG,0
0,51178,51178,S-Cha ca moi kg,56000,KG,0
0,51181,51181,S-Tom the lon cat dau kg,216000,KG,0
0,51216,51216,Goi ga kg-PKD990,100000,KG,0
0,51736,51736,Bong he giong Dai Loan kg,41000,KG,0
0,51218,51218,Ca ro dong song (7-10 con) kg,52000,KG,0
0,51221,51221,Kiwi xanh Chile kg,55000,KG,0
0,51260,51260,Ca huynh de ncon tren 500g/con,109900,KG,0
0,51273,51273,Rau muong nuoc kg,16500,KG,0
0,51277,51277,Bo sap loai so kg,35900,KG,0
0,51283,51283,Nam bao ngu xam kg,49900,KG,0
0,51284,51284,Nho do Mexico kg,82500,KG,0
0,51304,51304,Khoai lang tim giong Nhat kg,10500,KG,0
0,51306,51306,Ca chua giong Ha Lan kg,30200,KG,0
0,51310,51310,Dua le trang kg,21000,KG,0
0,51337,51337,Nho den My khong hat dai kg,135000,KG,0
0,51340,51340,Rau cu qua luoc-PKD990,45000,KG,0
0,11985,11985,S-Tao hong Phan Rang kg(1),25000,KG,0
0,11637,11637,S-Xoai xanh giong Thai kg(1),36000,KG,0
0,11808,11808,S-Thanh long Phan Thiet L1(1),20000,KG,0
0,11941,11941,S-Thanh long mien Tay L1 kg(1),32000,KG,0
0,11959,11959,S-Bo Dakado kg(1),40000,KG,0
0,11917,11917,S-Du du tia kg(1),10000,KG,0
0,51341,51341,Cam sanh - nglieu ep nuoc,45000,KG,0
0,51371,51371,Ca chep song kg,95000,KG,0
0,51375,51375,Ca chua (tui luoi) kg,10500,KG,0
0,51389,51389,Ghe say ngu coc kg,225000,KG,0
0,51392,51392,Keo dau phong kg,79000,KG,0
0,51393,51393,Keo me den kg,90000,KG,0
0,51394,51394,Keo me trang kg,105000,KG,0
0,51395,51395,Hat dua khong mau kg,165000,KG,0
0,51396,51396,Vu sua Vinh Kim kg,49500,KG,0
0,51397,51397,Xoai keo kg,24000,KG,0
0,51398,51398,Vu sua Vinh kim L2 kg,43000,KG,0
0,51409,51409,Ca phen lsach kg-NCC,95000,KG,0
0,51493,51493,Tao Ambrosia My kg,85000,KG,0
0,51511,51511,S-D.hu lon+txay phaloc-HM kg,51900,KG,0
0,51518,51518,Uc ga file kg-NH,68000,KG,0
0,51519,51519,Uc ga cong nghiep kg,33600,KG,0
0,51522,51522,Trung non kg,186000,KG,0
0,51535,51535,Cam canh kg,76000,KG,0
0,51549,51549,Cu qua kho chay-PKD990,32900,KG,0
0,51559,51559,Oi Long Khanh kg,8500,KG,0
0,52084,52084,S-Ca Ro lon so che Kg,81000,KG,0
0,52085,52085,S-D.hu chien lon+txay-NCC kg,58000,KG,0
0,52086,52086,S-Luon song ncon so che kg,224900,KG,0
0,51670,51670,C-Muckhotamgiavi10-15cmkg,550000,KG,0
0,52031,52031,S-Dui ech tam kg,139000,KG,0
0,52033,52033,S-File ca Lat tam gia vi kg,89900,KG,0
0,55997,55997,Tao Pink My kg,89900,KG,0
0,56008,56008,Le do vang Nam Phi kg,85000,KG,0
0,56033,56033,Gung got vo kg,195000,KG,0
0,56044,56044,S-Ca ro lon so che kg-NCC,81000,KG,0
0,56126,56126,Kho ca basa kg,203500,KG,0
0,56127,56127,Kho ca sac kg,355000,KG,0
0,56128,56128,Ca chi vang lsach kg-NCC,47000,KG,0
0,56129,56129,Coc non giong Thai kg,16500,KG,0
0,56130,56130,Tao Envy kg,180000,KG,0
0,56140,56140,S-Tom the trung so che kg,230000,KG,0
0,56145,56145,Ga CNghiep ncon kg-PTON,41000,KG,0
0,56146,56146,Ga ta ncon kg-SANHA,114500,KG,0
0,56147,56147,Ga CNghiep ncon kg-SANHA,41000,KG,0
0,56148,56148,Mit Thai xe mieng kg,26000,KG,0
0,56149,56149,S-Srieng Sau Ri tach vo(TL3),120000,KG,0
0,56150,56150,S-Srieng giongThai tachvo(TL3),135000,KG,0
0,56154,56154,S-Buoi nam roi L2 got vo kg,32500,KG,0
0,56156,56156,S-Buoi da xanh L1 got vo kg,83500,KG,0
0,56188,56188,Tao Sonya NewZealand kg,79900,KG,0
0,56195,56195,S-Xiu mai trung cut-BaRia,130000,KG,0
0,56201,56201,Cherry Canada kg,399000,KG,0
0,56212,56212,S-Bao tu basa so che kg,49900,KG,0
0,10921,10921,S-Su su Kg(1),3150,KG,0
0,56218,56218,Mit Thai nguyen trai kg,23000,KG,0
0,56214,56214,S-Kho qua don cha ca basa kg,36900,KG,0
0,56222,56222,Tao Jonagold My kg,68000,KG,0
0,58627,58627,Cherry Chile kg,430000,KG,0
0,58649,58649,Su hao tim kg,13000,KG,0
0,58650,58650,Hanh tay tui luoi kg,20900,KG,0
0,58652,58652,Du du vang chung kg,25500,KG,0
0,58658,58658,Tao Ambrosia Canada kg,78000,KG,0
0,58659,58659,Tao Fuji Phap kg,52900,KG,0
0,58660,58660,Tao Pink Phap kg,65000,KG,0
0,58661,58661,Tao bi do  Phap kg,48900,KG,0
0,58662,58662,Tao xanh Phap kg,46900,KG,0
0,58664,58664,Tao Empire My kg,66000,KG,0
0,58666,58666,Cha bong heo kg-TNP,420000,KG,0
0,58667,58667,Ca chua lon dong vi kg,17500,KG,0
0,58670,58670,Dua leo dong vi COOP kg,22900,KG,0
0,58671,58671,Bi dao COOP kg,15500,KG,0
0,58672,58672,Bau COOP kg,14900,KG,0
0,58675,58675,Dua leo giong Halan COOP kg,31900,KG,0
0,58676,58676,Ot chuong COOP kg,43500,KG,0
0,58680,58680,Ca thac lac nao L1 kg,189000,KG,0
0,58687,58687,Muc ong 14-20cm/con-PhuQuoc,179900,KG,0
0,58690,58690,Minh ca thu PQuoc kg,169900,KG,0
0,59070,59070,Chuoi Dole L1 kg,32000,KG,0
0,59082,59082,Tao Jazz NewZealand kg,68000,KG,0
0,59084,59084,Minh ca hoi kg,350000,KG,0
0,59192,59192,Ca tam song kg,296000,KG,0
0,58772,58772,Vai Thieu L1 kg,24000,KG,0
0,58803,58803,Tao Kiku Newzealand kg,75000,KG,0
0,58827,58827,S-D.hu chien+txay phaloc HM kg,58000,KG,0
0,58828,58828,S-D.hu chienlon+txay SC NCC kg,58000,KG,0
0,59088,59088,Muc la dduong ncon kg-HTHUONG,162000,KG,0
0,59104,59104,Ga tha vuon ncon kg-AHTHY,79000,KG,0
0,59117,59117,Ca thu n.con kg(bo set 2),160000,KG,0
0,59126,59126,Trai sake,29900,KG,0
0,59155,59155,Hanh kho Hai Duong kg,12900,KG,0
0,59156,59156,Toi Hai Duong kg,84000,KG,0
0,59157,59157,Kho qua bao dong vi COOP kg,16500,KG,0
0,59166,59166,Nho do khong hat My L1 kg,95000,KG,0
0,59167,59167,Nho den khong hat My L1 kg,295000,KG,0
0,59168,59168,Nho xanh khong hat My L1 kg,280000,KG,0
0,59173,59173,Mit thai nghe kg,63000,KG,0
0,59175,59175,Bo My kg,185000,KG,0
0,59176,59176,Dau bap COOP kg,24500,KG,0
0,59194,59194,S-Ca mu den ngop kg,245000,KG,0
0,59195,59195,S-Ca lang ngop kg,92500,KG,0
0,59197,59197,S-Ca chim trang ngop kg,142900,KG,0
0,59202,59202,S-Ghe ngop kg,250000,KG,0
0,59203,59203,S-Ca tam ngop kg,225000,KG,0
0,59208,59208,S-Ca chinh ngop kg,250000,KG,0
0,59209,59209,S-Canh ga CN sche kg,94500,KG,0
0,58831,58831,Rau hon hop COOP kg,32000,KG,0
0,58832,58832,Rau gia vi COOP kg,36900,KG,0
0,58834,58834,Bap non COOP kg,45000,KG,0
0,58840,58840,Minh ca tam tuoi kg,420000,KG,0
0,59318,59318,Tao Jazz My kg,85000,KG,0
0,59321,59321,Tom the lon song(35-40con/kg),260000,KG,0
0,59332,59332,Tao Pinata My kg,94000,KG,0
0,59346,59346,Cherry Newzealand kg,610000,KG,0
0,59422,59422,Ca linh lsach kg-NCC,75900,KG,0
0,59428,59428,Vi canh chua kg,26900,KG,0
0,59429,59429,Muc ong (>30cm/con) kg,220000,KG,0
0,59456,59456,@Ca ngu dai duong file-BDVD990,295000,KG,0
0,59457,59457,@Ca ngu dai duong ncon-BDVD990,150000,KG,0
0,59458,59458,@Ca hoi file kg-BDVD990,462000,KG,0
0,59459,59459,@Ca hoi ncon kg-BDVD990,325000,KG,0
0,59460,59460,@Dau ca hoi kg-BDVD990,40000,KG,0
0,59461,59461,@Dau ca ngu dduong-BDVD990,40000,KG,0
0,59462,59462,@Ca chim song kg-NTH990,225000,KG,0
0,59463,59463,@Ca bop song kg-NTH990,205000,KG,0
0,59464,59464,@Ca mu den song kg-NTH990,295000,KG,0
0,59465,59465,@Ca lang song kg-NTH990,125000,KG,0
0,59466,59466,@Ca tam song kg-NTH990,295000,KG,0
0,59467,59467,@Ca chinh song kg-NTH990,600000,KG,0
0,59468,59468,@Ca que song kg-NTH990,308000,KG,0
0,59469,59469,@Tom hum bong song kg-NTH990,1520000,KG,0
0,59470,59470,@Tom hum baby song kg-NTH990,810000,KG,0
0,59472,59472,@Ghe song kg-NTH990,340000,KG,0
0,59473,59473,@Tom su song kg-NTH990,325000,KG,0
0,59474,59474,@Ca map sua song kg-NTH990,185000,KG,0
0,59475,59475,@Ca ho Mekong song kg-NTH990,320000,KG,0
0,59476,59476,@Ca chem song kg-NTH990,175000,KG,0
0,59477,59477,@Ngheu dai kg-NTH990,88000,KG,0
0,59478,59478,@Tom cang xanh song kg-NTH990,590000,KG,0
0,59479,59479,@Ca mu nghe song kg-NTH990,339000,KG,0
0,59480,59480,@Ca chim tuoi kg-NTH990,160000,KG,0
0,59481,59481,@Ca bop tuoi kg-NTH990,155000,KG,0
0,59482,59482,@Dau ca bop tuoi kg-NTH990,140000,KG,0
0,59483,59483,@Minh ca bop tuoi kg-NTH990,205000,KG,0
0,59484,59484,@Duoi ca bop tuoi kg-NTH990,140000,KG,0
0,59485,59485,@Ca mu den tuoi kg-NTH990,210000,KG,0
0,59486,59486,@Ca lang tuoi kg-NTH990,91000,KG,0
0,59509,59509,Fillet minh ca hoi kg,399900,KG,0
0,59487,59487,@Ca tam tuoi kg-NTH990,210000,KG,0
0,59488,59488,@Dau ca tam tuoi kg-NTH990,195000,KG,0
0,59489,59489,@Minh ca tam tuoi kg-NTH990,300000,KG,0
0,59490,59490,@Duoi ca tam tuoi kg-NTH990,210000,KG,0
0,59491,59491,@Ca chinh tuoi kg-NTH990,504000,KG,0
0,59492,59492,@Ca que tuoi kg-NTH990,210000,KG,0
0,59493,59493,@Tom hum bong tuoi kg-NTH990,739000,KG,0
0,59494,59494,@Tom hum baby tuoi kg-NTH990,590000,KG,0
0,59496,59496,@Ghe tuoi kg-NTH990,144000,KG,0
0,59497,59497,@Tom su tuoi kg-NTH990,280000,KG,0
0,59498,59498,@Ca map sua tuoi kg-NTH990,112000,KG,0
0,59499,59499,@Ca ho Mekong tuoi kg-NTH990,220000,KG,0
0,59500,59500,@Dau ca ho Mekong tuoi-NTH990,200000,KG,0
0,59501,59501,@Minh ca ho Mekong tuoi-NTH990,240000,KG,0
0,59502,59502,@Duoi ca ho Mekong tuoi-NTH990,200000,KG,0
0,59503,59503,@Ca chem tuoi kg-NTH990,102000,KG,0
0,59504,59504,@Ca mu nghe tuoi kg-NTH990,240000,KG,0
0,59505,59505,@Dau ca mu nghe tuoi kg-NTH990,168000,KG,0
0,59506,59506,@Minh ca mu nghe tuoi-NTH990,264000,KG,0
0,59507,59507,@Duoi ca mu nghe tuoi-NTH990,168000,KG,0
0,59452,59452,@Mam ba khia kg-SH990,145000,KG,0
0,59453,59453,@Bon bon chua ngot kg-SH990,80500,KG,0
0,59513,59513,@Ca phao mam nem kg-SH990,62000,KG,0
0,59515,59515,@Dua nu chua ngot kg-SH990,101000,KG,0
0,59516,59516,@Dua mam kg-SH990,70000,KG,0
0,59518,59518,@Goi bon bon kg-SH990,89500,KG,0
0,59519,59519,@Goi ngo sen kg-SH990,95800,KG,0
0,59521,59521,@Kieu chua ngot kg-SH990,136000,KG,0
0,59522,59522,@Kim chi kg -SH990,82000,KG,0
0,59523,59523,@ Mam ca phao kg-SH990,65000,KG,0
0,59524,59524,@Mam ca com kg-SH990,109000,KG,0
0,59525,59525,@Mam ca loc kg-SH990,260000,KG,0
0,59526,59526,@Mam linh con kg-SH990,82000,KG,0
0,59527,59527,@Mam thai co ca kg-SH990,145000,KG,0
0,59528,59528,@Mam tom chua kg-SH990,350000,KG,0
0,59529,59529,@Ngo sen chua ngot kg-SH990,101000,KG,0
0,59531,59531,@Kimchi he kg-KK990,110000,KG,0
0,59532,59532,@Kimchi hanh kg-KK990,110000,KG,0
0,59533,59533,@Kimchi dua leo kg-KK990,110000,KG,0
0,59534,59534,@Kimchi su hao kg-KK990,110000,KG,0
0,59535,59535,@Kimchi cai thao cat kg-KK990,70000,KG,0
0,59536,59536,@Kimchi cai thao ncay kg-KK990,110000,KG,0
0,59537,59537,@Kimchi chua nau lau kg-KK990,70000,KG,0
0,59538,59538,@Kimchi xao kg-KK990,110000,KG,0
0,59539,59539,@Cu sen rim kg-KK990,150000,KG,0
0,59540,59540,@Dau phong rim kg-KK990,150000,KG,0
0,59541,59541,@Toi ngam nuoc tuong kg-KK990,150000,KG,0
0,59542,59542,@Ca com rim ot kg-KK990,360000,KG,0
0,59543,59543,@Ca com rim dau kg-KK990,360000,KG,0
0,59553,59553,@Bo Unsalted Butter lat kg,175600,KG,0
0,56233,56233,@Phomai kem Cream Cheese kg,209000,KG,0
0,56234,56234,@Phomai Gouda Wheel kg,272300,KG,0
0,56235,56235,@Phomai Mozza kg,211300,KG,0
0,56236,56236,@Phomai Cheddar Cheese kg,245500,KG,0
0,56237,56237,@Phomai Edam Ball kg,284200,KG,0
0,56238,56238,@Phomai Emmental kg,372000,KG,0
0,59544,59544,@Ca chi vang rim kg-KK990,360000,KG,0
0,59545,59545,@Ca bong sua rim kg-KK990,420000,KG,0
0,59546,59546,@Ca keo rim kg-KK990,360000,KG,0
0,59547,59547,@Ca uop giay xe rim kg-KK990,360000,KG,0
0,59548,59548,@Bot ot kg-KK990,350000,KG,0
0,59549,59549,@Me rang kg-KK990,250000,KG,0
0,59450,59450,@Nuoc sot BBQ kg-KK990,150000,KG,0
0,59551,59551,@Tuong BBQ tron san kg-KK990,110000,KG,0
0,59552,59552,@Tuong ot kg-KK990,150000,KG,0
0,11397,11397,S-Xoai keo kg(1),12500,KG,0
0,11559,11559,S-Oi Long Khanh kg(1),8000,KG,0
0,11118,11118,S-Mang cau Tay Ninh kg(1),45000,KG,0
0,11120,11120,S-Mang cau Tay Ninh L2 kg(1),35000,KG,0
0,11396,11396,S-Vu sua Vinh Kim kg(1),41500,KG,0
0,11398,11398,S-Vu sua Vinh kim L2 kg(1),15000,KG,0
0,11638,11638,S-Cam Sanh L2 kg(1),10000,KG,0
0,11601,11601,S-Bo sap L2 kg(1),26000,KG,0
0,19332,19332,S-Tao Pinata My kg(1),70000,KG,0
0,10267,10267,S-Tao Fuji My kg(1),62000,KG,0
0,11818,11818,S-Tao vang My kg(1),56000,KG,0
0,10283,10283,S-Tao do My nho kg(1),50000,KG,0
0,12002,12002,S-Kiwi vang  L1 kg(1),189900,KG,0
0,15088,15088,S-Bao tu basa tuoi kg(1),47900,KG,0
0,15230,15230,S-Ca bong cat kg(1),99900,KG,0
0,15412,15412,S-Ca bong dua sche kg(1),89900,KG,0
0,15405,15405,S-Ca bong trung lsach kg(1),94900,KG,0
0,10502,10502,S-Ca lang kg(1),110000,KG,0
0,15410,15410,S-File ca lat kg(1),84900,KG,0
0,15441,15441,S-Ca mo nho kg(1),69900,KG,0
0,15437,15437,S-Ca nuc kg(1),39900,KG,0
0,15765,15765,S-Ech nguyen con lsach kg(1),115900,KG,0
0,19999,19999,S-Rau muong nuoc COOP kg(1),11900,KG,0
0,19998,19998,S-Rau muong COOP kg(1),15900,KG,0
0,19997,19997,S-Rau mong toi COOP kg(1),15900,KG,0
0,19996,19996,S-Rau den COOP kg(1),13500,KG,0
0,19995,19995,S-Cai be xanh COOP kg(1),14900,KG,0
0,19994,19994,S-Cai ngot COOP kg(1),12900,KG,0
0,56258,56258,S-Ca keo ngop kg,107900,KG,0
0,56247,56247,S-Ca tim don thit kg,53000,KG,0
0,56252,56252,Xoai giong Dai Loan tim kg,55000,KG,0
0,56253,56253,Le do vang Chile kg,78000,KG,0
0,56263,56263,Sori dong vi COOP kg,18500,KG,0
0,56274,56274,Ca ro bi kg,110000,KG,0
0,56278,56278,C-Luon ca hoi kg-NCC,210000,KG,0
0,56292,56292,S-File Basa tam uop kg-TA,77000,KG,0
0,56296,56296,Ca chua db kg,17900,KG,0
0,56297,56297,Ca tim mang co kg,15900,KG,0
0,56299,56299,S-Ca hu ngop kg,69900,KG,0
0,56308,56308,Bun tuoi kg-KTRANG,12000,KG,0
0,56307,56307,Bun bo kg-KTRANG,12000,KG,0
0,56309,56309,Salad mo COOP kg,38500,KG,0
0,56310,56310,Salad lolo COOP kg,22500,KG,0
0,56314,56314,Ga CNghiep ncon kg-BH,41000,KG,0
0,56316,56316,Dui toi ga CNghiep kg-BH,64000,KG,0
0,56317,56317,Dui goc tu ga CNghiep kg-BH,49000,KG,0
0,56318,56318,Ma dui ga CNghiep kg-BH,34500,KG,0
0,56320,56320,Nam meo den thai soi kg,295000,KG,0
0,56336,56336,S-Nem ran (cha gio),124000,KG,0
0,56358,56358,S-Srieng Sau Ri tach vo(TL3.5),165900,KG,0
0,56374,56374,@Canh ga nuong-quay-XTRA990,135000,KG,0
0,56375,56375,@Dui toi ga nuong-quay-XTRA990,95500,KG,0
0,56377,56377,@Heo nuong-quay-XTRA990,160000,KG,0
0,56380,56380,S-Canh ga tam uop CP kg,105000,KG,0
0,56384,56384,S-Canh ga tam uop RF kg,105900,KG,0
0,56387,56387,S-Ma dui ga tam uop RF kg,64900,KG,0
0,56395,56395,@Du du nuoc tom kg-SH990,62000,KG,0
0,56396,56396,@Ca phao chay kg-SH990,62000,KG,0
0,56402,56402,@Mam Thai d.du k.ca kg-SH990,77000,KG,0
0,56412,56412,Canh ga CN COOP kg,68300,KG,0
0,56413,56413,Dui toi ga CN COOP kg,55300,KG,0
0,56414,56414,Dui ga goc tu CN COOP kg,43900,KG,0
0,56427,56427,Gan,tim ga kg,42000,KG,0
0,56431,56431,S-Mit Thai xe mieng kg,35000,KG,0
0,56433,56433,Canh bap cai thao+tom kho,41900,KG,0
0,56434,56434,Canh bong so dua,36900,KG,0
0,56435,56435,Canh bau+tom kho,31900,KG,0
0,56436,56436,Canh bi dao+tom kho,37900,KG,0
0,56437,56437,Canh bi dao + thit,31500,KG,0
0,56438,56438,Canh bi do,24500,KG,0
0,56439,56439,Canh bi do+thit xay,28900,KG,0
0,56440,56440,Canh bi do+tom kho,35500,KG,0
0,56442,56442,Canh cai xay+cachua+mevat,26900,KG,0
0,56450,56450,Canh kho qua bao,20500,KG,0
0,56444,56444,Canh chua bac ha,25500,KG,0
0,56445,56445,Canh chua rau nhut,62000,KG,0
0,56447,56447,Canh den muop+mtoi+txay,38900,KG,0
0,56449,56449,Canh he la+tom kho nhi,45900,KG,0
0,56451,56451,Canh khoai+tom kho,49900,KG,0
0,56452,56452,Canh khoai mo,38900,KG,0
0,56453,56453,Canh khoai mo+thit xay,39900,KG,0
0,56454,56454,Canh mang+ca chua+me vat,58900,KG,0
0,56455,56455,Canh muop,26900,KG,0
0,56456,56456,Canh muop+tom kho,36900,KG,0
0,56459,56459,Canh salad xoon nho+ tom kho,88000,KG,0
0,56460,56460,Canh sup,36900,KG,0
0,56462,56462,Canh tan o+ca thu quet,67000,KG,0
0,56463,56463,Canh tan o+tom kho nhi,48900,KG,0
0,56464,56464,Canh kho qua + thit,30900,KG,0
0,56465,56465,Kho qua bao+tom kho,34900,KG,0
0,56466,56466,Rau xao thap cam,47900,KG,0
0,56467,56467,Bi dao don thit,43900,KG,0
0,56468,56468,Ca chua don thit,48900,KG,0
0,56470,56470,Kho qua don cha thac lac,83900,KG,0
0,56471,56471,Kho qua don cha ca basa,43000,KG,0
0,56478,56478,Dau ca thu tuoi kg,82000,KG,0
0,58846,58846,Minh ca thu kg,185000,KG,0
0,58847,58847,Duoi ca thu kg,145000,KG,0
0,58848,58848,Dau ca bop kg,92000,KG,0
0,58849,58849,Minh ca bop kg,219900,KG,0
0,58850,58850,Duoi ca bop kg,182000,KG,0
0,58861,58861,Buoi da xanh L1 VG HMT kg,59900,KG,0
0,58862,58862,Buoi da xanh L2 VG HMT kg,44000,KG,0
0,58873,58873,Bong cai xanh COOP kg,46500,KG,0
0,58875,58875,Hanh la COOP kg,39000,KG,0
0,58877,58877,Kho qua baby COOP kg,25000,KG,0
0,19318,19318,S-Tao Jazz My kg(1),65000,KG,0
0,19070,19070,S-Chuoi Dole L1 kg(1),28500,KG,0
0,11049,11049,S-Quyt tieu L2 kg(1),31000,KG,0
0,11834,11834,S-Man do giong Thai L2 kg(1),13000,KG,0
0,10783,10783,S-Bau Kg(1),7900,KG,0
0,58887,58887,Dau ca loc den l.sach kg,25000,KG,0
0,58888,58888,Minh ca Loc den lsach kg,85000,KG,0
0,59004,59004,Bap cai cuon thit xay,55000,KG,0
0,59010,59010,Ga ac dlanh kg,162000,KG,0
0,59013,59013,Oi giong Dai Loan ruot do kg,31000,KG,0
0,58885,58885,Buoi hong da xanh P.U kg-DTK,82900,KG,0
0,58890,58890,Buoi hong da xanh kg-DTK,74000,KG,0
0,58891,58891,Buoi da xanh P.U tach mui-NCC,105000,KG,0
0,58894,58894,Ga ta thao moc kg,115000,KG,0
0,58898,58898,Hanh tim Phan Rang lot vo kg,48000,KG,0
0,58902,58902,Tao Pacific Newzealand kg,69000,KG,0
0,58909,58909,Nho do khong hat Nam Phi kg,125000,KG,0
0,58911,58911,Cu san non kg,6900,KG,0
0,58917,58917,Xuong co heo kg-AHT990,45000,KG,0
0,58924,58924,Nac dui heo kg-AHT990,84600,KG,0
0,58925,58925,Nac dui heo kg,84600,KG,0
0,58926,58926,Nac vai heo kg-AHT990,84600,KG,0
0,58927,58927,Nac vai kg,99500,KG,0
0,58950,58950,@Ga dai kg-AHT,86000,KG,0
0,58951,58951,Ga ta Huynh De kg,102000,KG,0
0,58952,58952,Tao Fuji HQuoc kg,120000,KG,0
0,58954,58954,Bo trai Di Linh kg-VIETGAP,39000,KG,0
0,58956,58956,Dau cove thuong COOP kg,23900,KG,0
0,58957,58957,Dau cove nhat COOP Kg,29000,KG,0
0,58963,58963,Dau hu don thit kg,58000,KG,0
0,58964,58964,Muc ong don thit kg,222000,KG,0
0,58967,58967,Minh ca loc bong l.sach kg,104000,KG,0
0,58968,58968,Duoi ca loc bong lsach kg,70000,KG,0
0,58969,58969,Dau ca hu kg,40000,KG,0
0,58971,58971,Nho do Phan Rang dong vi COOP,35000,KG,0
0,58972,58972,Tao Envy Newzealand size 70-80,99000,KG,0
0,58975,58975,Dua luoi tron kg-HXUAN,43000,KG,0
0,58976,58976,Dua luoi dai kg-HXUAN,42000,KG,0
0,10472,10472,S-Xoai cat HLoc L1 kg (1),52000,KG,0
0,58981,58981,Cherry do My COOP kg,400000,KG,0
0,56486,56486,Ca loc tam gia vi kg,109000,KG,0
0,56487,56487,Canh ga tam gia vi kg,75000,KG,0
0,56488,56488,Dui toi ga tam gia vi kg,55000,KG,0
0,56489,56489,Dui ga goc tu tam gia vi kg,53000,KG,0
0,56491,56491,Khoai lang nho kg,11900,KG,0
0,56492,56492,Bap cai thao nho kg,11500,KG,0
0,56493,56493,Ca rot nho kg,14500,KG,0
0,56495,56495,Bap cai trang nho kg,7900,KG,0
0,56497,56497,Bo Booth giong My kg,75000,KG,0
0,56500,56500,Muop huong COOP kg,14000,KG,0
0,56501,56501,Salad giong My COOP kg,46000,KG,0
0,56561,56561,Dua luoi vang giong Ha Lan kg,42500,KG,0
0,56569,56569,Thit heo saygion ChaCha kg-TNP,430000,KG,0
0,56582,56582,Ca nuc gai kg-QNgai,37900,KG,0
0,56583,56583,Ca nuc thuon kg-QNgai,35900,KG,0
0,56584,56584,Ca bac ma kg-QNgai,39900,KG,0
0,56585,56585,Ca thu kg-QNgai,135000,KG,0
0,56596,56596,Toi Ly Son kg-QNGAI,62400,KG,0
0,56607,56607,Kiwi xanh My kg,195000,KG,0
0,52050,52050,Nho den k.hat My COOP kg,146000,KG,0
0,52052,52052,Tao bi do My COOP kg,73000,KG,0
0,52053,52053,Tao do My COOP kg,63000,KG,0
0,52057,52057,Khoai tay trung kg,21200,KG,0
0,52059,52059,Ca chua nho giong Ha Lan kg,24500,KG,0
0,52060,52060,Tao Ambrosia Italia kg,89500,KG,0
0,52061,52061,Hat hanh nhan rang kg,390000,KG,0
0,52063,52063,Canh thit ga+la giang,46500,KG,0
0,52067,52067,Dua luoi tron kg,26500,KG,0
0,52072,52072,Canh ga CN tam uop kg,105000,KG,0
0,52073,52073,Dui toi ga CN tam uop kg,89000,KG,0
0,52074,52074,Ma Dui ga CN tam uop kg,56900,KG,0
0,52075,52075,Uc ga CN tam uop kg,66000,KG,0
0,52076,52076,Vit tam uop kg,93500,KG,0
0,52088,52088,Cherry vang Chile kg,619000,KG,0
0,52103,52103,Cherry do Newzealand COOP kg,630000,KG,0
0,52104,52104,Ca chua cocktail kg,34000,KG,0
0,52190,52190,Cam duong (quyt Tien Vua) kg,60000,KG,0
0,52196,52196,Dua Hoang Kim kg-KHP,32000,KG,0
0,52192,52192,Ca hoi cat khoanh kg,340000,KG,0
0,52209,52209,Carot Dalat-mang co kg,22500,KG,0
0,52218,52218,@Bap cai tim kg-Mekostar,39900,KG,0
0,52219,52219,@Bi hat dau kg-Mekostar,22500,KG,0
0,52220,52220,@Bi ngoi vang kg-Mekostar,79900,KG,0
0,52221,52221,@Dua leo cocktail kg-Mekostar,37500,KG,0
0,52222,52222,@Ngo tay kg-Mekostar,135000,KG,0
0,52223,52223,@Su hao tim kg-Mekostar,44900,KG,0
0,52225,52225,@Ca chua beef kg-Mekostar,41000,KG,0
0,52226,52226,@Sa lach IceBerg kg-Mekostar,34000,KG,0
0,52228,52228,@Ot chuong 2 mau kg-Mekostar,44900,KG,0
0,52229,52229,@Sa lach Oakleaf xanh kg-Meko,85900,KG,0
0,52234,52234,@Bap cai trang kg-MekoStar,14500,KG,0
0,52235,52235,@Bi ngoi xanh kg-MekosTar,34900,KG,0
0,52237,52237,@Ca chua cherry tron-MekoStar,43900,KG,0
0,52238,52238,@Ca chua cherry dai-MekoStar,23500,KG,0
0,52239,52239,@Ca chua cocktail kg-MekoStar,43500,KG,0
0,52240,52240,@Ca chua Chau Au kg-MekoStar,38500,KG,0
0,52241,52241,@Carot DaLat tui luoi-MekoStar,36500,KG,0
0,52242,52242,@Can tay DaLat kg-MekoStar,26500,KG,0
0,52244,52244,@Hanh tay DaLat kg-MekoStar,18500,KG,0
0,52245,52245,@Khoai lang giongNhat-MekoStar,32500,KG,0
0,52246,52246,@Khoai tay vang kg- MekoStar,18900,KG,0
0,52248,52248,@Ot chuong do 2trai-MekoStar,54000,KG,0
0,52249,52249,@Ot chuong vang 2trai-MekoStar,59000,KG,0
0,52251,52251,@Ot chuong xanh 2trai-MekoStar,42500,KG,0
0,52255,52255,@Sa lach Batavia tim-MekoStar,62000,KG,0
0,52259,52259,@Sa lach mo kg-MekoStar,41000,KG,0
0,52260,52260,@Sa lach Frisee kg-MekoStar,62000,KG,0
0,52261,52261,@Sa lach lolo xanh kg-MekoStar,24500,KG,0
0,52262,52262,@Sa lach lolo tim kg- MekoStar,72000,KG,0
0,52265,52265,@Sa lach Oakleaf do-MekoStar,62000,KG,0
0,52266,52266,@Sa lach Romaine kg-MekoStar,43000,KG,0
0,52267,52267,@Chanh khong hat L1-TFR,44900,KG,0
0,52233,52233,@Que tay xanh-MekoStar,185000,KG,0
0,52236,52236,@Ca chua trung 6trai/khay,18700,KG,0
0,52269,52269,Dui goc tu CN(mo-phao cau)-BH,42000,KG,0
0,52270,52270,Dui goc tu CN(mo-phao cau)-SH,42000,KG,0
0,52642,52642,@Ph.maiCrem.d'Argent kg-CFF990,912000,KG,0
0,52643,52643,@Ph.mai Gros.Mont D'Or-CFF990,1144000,KG,0
0,52647,52647,@Ph.mai Blue.d'Auvergne-CFF990,1012000,KG,0
0,52649,52649,@Ph.mai Blue d'Causses-CFF990,984000,KG,0
0,52653,52653,@Ph.mai Brie d'.Melun-CFF990,1503000,KG,0
0,52663,52663,@Ph.mai Tete d'Moine-CFF990,1753000,KG,0
0,52666,52666,@Ph.mai Tomme d'Savoie-CFF990,1037000,KG,0
0,52668,52668,@Ph.mai Fourm d'Ambert-CFF990,860000,KG,0
0,52684,52684,@Ph.mai Cath.C'Mature-CFF990,609000,KG,0
0,52224,52224,Cu cai Radi kg,64200,KG,0
0,52696,52696,Dua hau do kg-Mien Trung,4900,KG,0
0,52703,52703,Le do vang Nam Phi COOP kg,85000,KG,0
0,52704,52704,Nho do Chile  COOP kg,155000,KG,0
0,52706,52706,Ca chua socola kg,51500,KG,0
0,52708,52708,Ca ho kg-QNgai,75000,KG,0
0,52711,52711,Ga ta(ga trong)-Dat Thep,129000,KG,0
0,52712,52712,Ga ta(ga mai)-Dat Thep,139000,KG,0
0,52714,52714,Trung non kg-Dat Thep,260000,KG,0
0,52715,52715,Me ga kg-Dat Thep,103000,KG,0
0,52717,52717,Vai thieu kg-RONGDO,34000,KG,0
0,52713,52713,Ga mai de trung-Dat Thep,116000,KG,0
0,52741,52741,Doi truong-Dat thep,59000,KG,0
0,52742,52742,Kiwi vang Chile kg,170000,KG,0
